{"(32263, 32349, 0)": 92.40333635702902, "(32263, 32349, 1)": 84.45227547177744, "(32263, 32349, 2)": 83.12494259051059, "(32521, 31661, 0)": 75.76879724753498, "(32521, 31661, 1)": 68.91699189399249, "(32521, 31661, 2)": 79.61431562630483, "(32521, 32693, 0)": 90.56608382747461, "(32521, 32693, 1)": 60.62939183404484, "(32521, 32693, 2)": 81.05988409357857, "(31919, 32521, 0)": 92.13751772801585, "(31919, 32521, 1)": 83.51196265288121, "(31919, 32521, 2)": 77.60815404179519, "(32693, 32349, 0)": 102.00452849264794, "(32693, 32349, 1)": 83.32973485750364, "(32693, 32349, 2)": 93.13114318178931, "(32951, 33381, 0)": 54.74055726281905, "(32951, 33381, 1)": 50.665755653760534, "(32951, 33381, 2)": 53.621566894043944, "(32693, 31661, 0)": 72.31515788115024, "(32693, 31661, 1)": 58.146068434482615, "(32693, 31661, 2)": 58.57026172451135, "(31833, 32263, 0)": 96.67342441761784, "(31833, 32263, 1)": 92.03110615912507, "(31833, 32263, 2)": 80.50852079415702, "(32091, 32521, 0)": 56.58488246063836, "(32091, 32521, 1)": 71.87864931956035, "(32091, 32521, 2)": 58.47357950688798, "(32865, 32779, 0)": 59.545023948489884, "(32865, 32779, 1)": 57.07235335067704, "(32865, 32779, 2)": 53.30765102769286, "(33037, 32607, 0)": 69.45971491080455, "(33037, 32607, 1)": 55.88400934672985, "(33037, 32607, 2)": 69.02685805823542, "(32263, 32693, 0)": 68.14712622907003, "(32263, 32693, 1)": 53.57786796835918, "(32263, 32693, 2)": 61.80808278420771, "(33381, 32177, 0)": 56.82848565911503, "(33381, 32177, 1)": 57.881278434558524, "(33381, 32177, 2)": 58.97068377297623, "(31833, 32005, 0)": 63.9759542401316, "(31833, 32005, 1)": 57.41080821844569, "(31833, 32005, 2)": 70.40965478500155, "(32005, 33209, 0)": 63.3726262889729, "(32005, 33209, 1)": 61.22270190472022, "(32005, 33209, 2)": 64.72510030140208, "(33209, 33123, 0)": 78.15777848780222, "(33209, 33123, 1)": 70.89253637006186, "(33209, 33123, 2)": 88.06104578885562, "(32521, 32263, 0)": 94.05729304592253, "(32521, 32263, 1)": 90.7489807566474, "(32521, 32263, 2)": 91.66405365297946, "(32779, 32607, 0)": 70.73353582746009, "(32779, 32607, 1)": 64.12947401639725, "(32779, 32607, 2)": 58.24561914950154, "(31661, 32349, 0)": 98.70187441324809, "(31661, 32349, 1)": 90.02979750753013, "(31661, 32349, 2)": 84.27201092572429, "(32091, 33295, 0)": 88.07736038232966, "(32091, 33295, 1)": 97.007959597368, "(32091, 33295, 2)": 89.48478134231992, "(32177, 32349, 0)": 90.81574825708304, "(32177, 32349, 1)": 88.62752441060121, "(32177, 32349, 2)": 91.31926277918619, "(33381, 31919, 0)": 56.472468484889816, "(33381, 31919, 1)": 57.5641334113558, "(33381, 31919, 2)": 56.35990507232312, "(31661, 32693, 0)": 69.17391425307815, "(31661, 32693, 1)": 70.32427937914059, "(31661, 32693, 2)": 54.90542141845013, "(31833, 32865, 0)": 69.99873475783681, "(31833, 32865, 1)": 62.86705107650797, "(31833, 32865, 2)": 53.4193707586398, "(32607, 32091, 0)": 73.46962205653921, "(32607, 32091, 1)": 85.81007928100121, "(32607, 32091, 2)": 70.83681563268215, "(33123, 32607, 0)": 77.51384863503621, "(33123, 32607, 1)": 68.76516550108798, "(33123, 32607, 2)": 85.8383579209376, "(32521, 33209, 0)": 86.18465112805863, "(32521, 33209, 1)": 83.51463630228652, "(32521, 33209, 2)": 81.75198150812952, "(32521, 33123, 0)": 89.35673680942185, "(32521, 33123, 1)": 103.23966851671952, "(32521, 33123, 2)": 73.48588396480856, "(32091, 31919, 0)": 103.56830868944026, "(32091, 31919, 1)": 83.42481894945149, "(32091, 31919, 2)": 79.00530806496224, "(32521, 32005, 0)": 66.05569370986576, "(32521, 32005, 1)": 66.5545011618809, "(32521, 32005, 2)": 62.02768165518508, "(31833, 32779, 0)": 69.57322554565638, "(31833, 32779, 1)": 67.46503177710568, "(31833, 32779, 2)": 68.42357186629951, "(32521, 31833, 0)": 71.44382378005379, "(32521, 31833, 1)": 103.84910218448468, "(32521, 31833, 2)": 85.5860388518814, "(31919, 32349, 0)": 90.11028255324942, "(31919, 32349, 1)": 89.72133228815674, "(31919, 32349, 2)": 91.04444887537531, "(32177, 32521, 0)": 98.4184808838112, "(32177, 32521, 1)": 93.30519604806406, "(32177, 32521, 2)": 77.75625204151855}